hop,direction,from,to,value,tx_hash,block_number,timestamp,gas_used,gas_price,is_error,source_address
1,inward,0x1f59978060bc2bd6e0c9163ad62d9a5504247df7,0x7e65023a8978f2e61a06b83a9bb75bd67c74b042,6000000000000000,0xb205846b3cd22bc96a0282d36de7c1f67d4a39b4a33fe38252a4a6e05e251b77,16282477,1672221191,21000,13695381102,0,0x7e65023a8978f2e61a06b83a9bb75bd67c74b042
1,inward,0xf39a99f0f938b9247b5e99fd25f6ce09a0bd9b58,0x7e65023a8978f2e61a06b83a9bb75bd67c74b042,6119838681052368,0x036f14b61055e97a1a6bb825d837e1f56b987ef042974ac9bc2d740cabe61928,18097321,1694244119,21000,11424590284,0,0x7e65023a8978f2e61a06b83a9bb75bd67c74b042
1,inward,0x940ce9d451410581ae5d866b08fcb35791a043f0,0x7e65023a8978f2e61a06b83a9bb75bd67c74b042,4789170090036398,0x6b65dcc918637f747ec18a84f7d469010b6c437480933f2cdcc6bad023798689,18506938,1699201007,21000,21001612246,0,0x7e65023a8978f2e61a06b83a9bb75bd67c74b042
1,inward,0xa993be9a142cbf2e66d37531cdd55c197865d854,0x7e65023a8978f2e61a06b83a9bb75bd67c74b042,9498615576779684,0x43e0240e1d45bb716a4abd8401c4f749f42eb2d70811337030e2d049af5415db,18690857,1701425135,21000,31447987008,0,0x7e65023a8978f2e61a06b83a9bb75bd67c74b042
1,inward,0x4ea29c53728437f86f37b4b956dfc585438afc00,0x7e65023a8978f2e61a06b83a9bb75bd67c74b042,1679000000000000,0xb37102b42eaa31693574aab24b1e501d72e4061877ed77e6fe865d9d4d53f661,23419572,1758556235,21000,1731067136,0,0x7e65023a8978f2e61a06b83a9bb75bd67c74b042
1,inward,0xf70da97812cb96acdf810712aa562db8dfa3dbef,0x7e65023a8978f2e61a06b83a9bb75bd67c74b042,1840830602503709,0xf747d1299bbdbd3c01d5aeafb1e2c452ab2aa119b7bc5951a76f1d0c89d4033b,23833626,1763561375,22280,1207959855,0,0x7e65023a8978f2e61a06b83a9bb75bd67c74b042
1,inward,0x08e0c04bb9f8b223fdb157a909e4e5095cea2ad3,0x7e65023a8978f2e61a06b83a9bb75bd67c74b042,2200000000000000,0xfcbc569457212d90d645cb4a805154f8e6637e3490661d4e2c63991a8d1546a3,24476082,1771325651,21000,33635186,0,0x7e65023a8978f2e61a06b83a9bb75bd67c74b042
1,inward,0x631e3d824c1ebeaec73dc4bd69e801ad9ca61143,0x7e65023a8978f2e61a06b83a9bb75bd67c74b042,3500000000000000,0xf20808a50407bd9e0327526278d29eac2143a6e2a73d117f0beb4e73ce20c616,24526029,1771927295,21000,47658524,0,0x7e65023a8978f2e61a06b83a9bb75bd67c74b042
1,inward,0xfb19ffd1ff9316b7f5bba076ef4b78e4bbedf4e1,0x7e65023a8978f2e61a06b83a9bb75bd67c74b042,39899682703777334,0xc82d5f6570c6666566d552bf41ba8b390816984fefda44180889ef32861ec9f5,24569079,1772446271,21000,200000000,0,0x7e65023a8978f2e61a06b83a9bb75bd67c74b042
1,inward,0xc1b9b20a8b95c8a2bb8de50e604939a02a09f9b6,0x7e65023a8978f2e61a06b83a9bb75bd67c74b042,12000000000000000,0xc42b62421c73864c9c646ca4bd55cb8ecac895c8a5130b8d2f1fa0fd3dbeb89f,25565506,1784449055,21000,44807611,0,0x7e65023a8978f2e61a06b83a9bb75bd67c74b042
